"PCN Code","PCN Name","Open Date"
"U00000","WEST NORWICH PCN",2024-04-01
"U00070","WEST MERTON PCN",2019-10-01
"U00147","WILLOWS HEALTH PCN",2019-10-01
"U00203","ECCLES & IRLAM PCN",2019-10-01
"U00254","BLACKHEATH AND CHARLTON PCN",2019-10-01
"U00351","SOLIHULL SOUTH CENTRAL PCN",2019-10-01
"U00367","HAVERING SOUTH PCN",2019-10-01
"U00402","CONNEXUS PCN",2019-10-01
"U00639","CARLISLE RURAL PCN",2019-10-01
"U00760","NORTH SEDGEMOOR PCN",2019-10-01
"U01092","CISSBURY INTEGRATED CARE PCN",2019-10-01
"U01096","LOUGHTON BUCKHURST HILL & CHIGWELL PCN",2019-10-01
"U01198","SOUTH (IW) PCN",2019-10-01
"U01367","WALLINGFORD & SURROUNDS PCN",2019-10-01
"U01577","WALSALL WEST 2 PCN",2019-10-01
"U01630","STALYBRIDGE, DUKINFIELD & MOSSLEY PCN",2019-10-01
"U01680","MALTBY WICKERSLEY PCN",2019-10-01
"U01901","CHORLEY CENTRAL PCN",2019-10-01
"U01916","CYGNET PCN",2019-10-01
"U01989","DURHAM WEST PCN",2019-10-01
"U02049","SOUTH TANDRIDGE PCN",2019-10-01
"U02275","HYDE PCN",2019-10-01
"U02453","SOUTHEND WEST CENTRAL PCN",2019-10-01
"U02454","NIGHTINGALE PCN",2019-10-01
"U02610","EAST CORNWALL PCN",2019-10-01
"U02669","BERKELEY VALE PCN",2019-10-01
"U02671","GREATER MIDDLESBROUGH PCN",2019-10-01
"U02678","WINSFORD PCN",2019-10-01
"U02731","IGPC PCN",2019-10-01
"U02739","WHITLEY BAY PCN",2019-10-01
"U02749","CENTRAL BOURNEMOUTH PCN",2019-10-01
"U02795","NORTH 2 ISLINGTON PCN",2021-05-01
"U02961","SOUTH WESTMINSTER PCN",2019-10-01
"U03055","ALDERSHOT PCN",2019-10-01
"U03153","BROUGHTON HEALTH ALLIANCE PCN",2019-10-01
"U03186","THE LEICESTER FOXES PCN",2019-10-01
"U03298","RICHMONDSHIRE PCN",2019-10-01
"U03364","HAYWARDS HEATH VILLAGES PCN",2019-10-01
"U03379","RANWORTH PCN",2020-04-01
"U03551","MOTTINGHAM, DOWNHAM & CHISLEHURST PCN",2019-10-01
"U03653","FAIRLOP PCN",2019-10-01
"U03810","ISLAND CITY PCN",2019-10-01
"U03824","VENN PCN",2019-10-01
"U03826","YORK EAST PCN",2020-04-01
"U03864","NORTH CORNWALL COAST PCN",2019-12-01
"U03989","READING HOLYBROOK PCN",2019-10-01
"U04079","WEST READING VILLAGES PCN",2019-10-01
"U04154","NORTH NORFOLK 4 PCN",2019-10-01
"U04443","SS9 PCN",2019-10-01
"U04545","SOUTHEND EAST PCN",2019-10-01
"U04648","BRUNEL HEALTH GROUP PCN6",2023-04-01
"U04725","HAYWARDS HEATH CENTRAL PCN",2019-10-01
"U04748","ANGMERING COPPICE FITZALAN (ACF) PCN",2020-10-01
"U04784","WARWICKSHIRE EAST PCN",2019-10-01
"U04862","WHITE HORSE BOTLEY PCN",2019-10-01
"U04901","STONE & ECCLESHALL PCN",2019-10-01
"U04973","GARDEN CITY PCN",2019-10-01
"U05001","LARWOOD & BAWTRY PCN",2019-10-01
"U05048","NORTH HARDWICK AND BOLSOVER PCN",2019-10-01
"U05340","THREE VALLEYS HEALTH PCN",2019-10-01
"U05433","SOUTH NORFOLK HIP PCN",2019-10-01
"U05451","HACKNEY MARSHES PCN",2019-10-01
"U05458","SUNDERLAND CENTRAL PCN",2019-10-01
"U05510","MALLING PCN",2019-10-01
"U05512","WEST NORTHUMBERLAND PCN",2019-10-01
"U05517","HWL NETWORK PCN",2019-10-01
"U05632","SEAFORD PCN",2019-10-01
"U05679","SPARCELLS PCN",2022-04-01
"U05734","HANLEY, BUCKNALL & BENTILEE PCN",2019-10-01
"U05784","BROMPTON HEALTH PCN",2019-10-01
"U05885","SOUTH CAMDEN PCN",2019-10-01
"U05906","LEYLAND PCN",2019-10-01
"U06000","KNUTSFORD PCN",2019-10-01
"U06079","ABBEY HEALTH PCN",2019-10-01
"U06092","GREENWOOD PCN",2019-10-01
"U06180","NORTH SOUTHWARK PCN",2019-10-01
"U06243","TILBURY AND CHADWELL PCN",2019-10-01
"U06256","HIPC (HOLISTIC PATIENT CENTRED CARE) PCN",2019-10-01
"U06387","NEXUS (DEVON) PCN",2019-10-01
"U06437","BYRON PCN",2019-10-01
"U06438","PCCO PCN",2019-10-01
"U06486","STOKES PCN",2019-10-01
"U06610","DUDLEY AND NETHERTON PCN",2019-10-01
"U06816","EXETER CITY PCN",2019-10-01
"U06871","BURGESS HILL & VILLAGES PCN",2019-10-01
"U06978","NEWHAM NORTH EAST 2 PCN",2019-10-01
"U07003","RUMWORTH PCN",2019-10-01
"U07032","NORTH STOCKTON PCN",2019-10-01
"U07140","APL BEXLEY PCN",2019-10-01
"U07169","SHOREDITCH PARK PCN",2019-10-01
"U07392","NORTH CONNECT PCN",2019-10-01
"U07449","PORTSDOWN PCN",2019-10-01
"U07506","ARDWICK AND LONGSIGHT PCN",2019-10-01
"U07605","BARNET 1W PCN",2019-10-01
"U07607","CENTRAL SUTTON PCN",2019-10-01
"U07648","ASHFORD RURAL PCN",2019-10-01
"U07776","CHESTER EAST PCN",2019-10-01
"U07789","COVENTRY NORTH PCN",2019-10-01
"U07842","EAST CLEVELAND PCN",2019-10-01
"U07902","BRACKLEY & TOWCESTER PCN",2019-10-01
"U08085","EDEN (CUMBRIA) PCN",2019-10-01
"U08086","PENDLE WEST PCN",2019-10-01
"U08206","ACROSS LEICESTER PCN",2024-04-01
"U08235","REGIS HEALTHCARE PCN",2019-10-01
"U08248","BRIGANTES PCN",2019-10-01
"U08561","SOUTHAMPTON LIVING WELL PARTNERSHIP PCN",2019-10-01
"U08578","NEW CROSS ALLIANCE PCN",2020-10-01
"U08579","HARPENDEN HEALTH PCN",2019-10-01
"U08711","GRAVESEND ALLIANCE PCN",2019-10-01
"U08803","BROMLEY BY BOW AND STEPNEY HEALTH CIC PCN",2019-10-01
"U08925","STAFFORD CENTRAL PCN",2019-10-01
"U09057","HYNDBURN RURAL PCN",2019-10-01
"U09071","GPNET5 PCN",2019-10-01
"U09072","PRESTON PARK COMMUNITY PCN",2019-10-01
"U09081","FALMOUTH AND PENRYN PCN",2019-10-01
"U09100","GREATER PRESTON PCN",2019-10-01
"U09187","GRAND UNION PCN",2019-10-01
"U09193","TOWER HAMLETS NETWORK 8 PCN",2019-10-01
"U09275","TAUNTON DEANE WEST PCN",2019-10-01
"U09521","OADBY & WIGSTON PCN",2019-10-01
"U09529","ROTHERHAM CENTRAL NORTH PCN",2019-10-01
"U09531","CHILTERN HILLS PCN",2019-10-01
"U09643","RUNCORN PCN",2019-10-01
"U09727","DENGIE & SOUTH WOODHAM FERRERS PCN",2019-10-01
"U09738","CAMBRIDGE NORTH VILLAGES PCN",2019-10-01
"U09772","RED KITE HEALTHCARE PCN",2019-10-01
"U09847","NORTH COTSWOLDS PCN",2019-10-01
"U09883","FARNWORTH & KEARSLEY PCN",2019-10-01
"U09893","SPIRES PCN",2023-04-01
"U09980","NORTHUMBRIA PCN",2022-04-01
"U10033","NORTH EAST COASTAL PCN",2019-10-01
"U10128","SHEPPEY PCN",2019-10-01
"U10200","DARTFORD CENTRAL PCN",2019-10-01
"U10335","BRUNEL PCN",2019-10-01
"U10339","HARROW COLLABORATIVE PCN",2019-10-01
"U10386","WALLSEND PCN",2019-10-01
"U10430","SUDBURY PCN",2019-10-01
"U10439","PONTEFRACT AND KNOTTINGLEY PCN",2019-10-01
"U10555","SWAFFHAM & DOWNHAM MARKET PCN",2019-10-01
"U10602","WEST NORFOLK COASTAL PCN",2019-10-01
"U10684","CHARD, ILMINSTER & LANGPORT (CLICK) PCN",2019-10-01
"U10730","KIRKBY PCN",2019-10-01
"U10743","KENILWORTH AND WARWICK PCN",2019-10-01
"U10748","NEWGATE MEDICAL GROUP PCN",2019-10-01
"U10791","CHORLEY AND SOUTH RIBBLE NETWORK PCN",2019-10-01
"U10827","TRINITY HEALTH GROUP PCN",2019-10-01
"U10834","REDDITCH & BROMSGROVE NIGHTINGALES PCN",2019-10-01
"U10847","EYNSHAM & WITNEY PCN",2019-10-01
"U10870","WALTON PRACTICES CONFEDERATION PCN",2020-04-01
"U10995","RURAL WEST PCN",2019-10-01
"U11059","LEWISHAM CARE PARTNERSHIP PCN",2019-10-01
"U11103","YEOVIL PCN",2019-10-01
"U11112","WANSBECK PCN",2019-10-01
"U11176","DENE AND STOUR VALLEYS PCN",2019-10-01
"U11181","WINCHESTER RURAL SOUTH PCN",2019-10-01
"U11211","BARKING & DAGENHAM WEST PCN",2019-10-01
"U11269","RIBBLESDALE PCN",2019-10-01
"U11373","NEWHAM CENTRAL PCN",2019-10-01
"U11393","WETHERBY PCN",2019-10-01
"U11559","HARNESS SOUTH PCN",2020-04-01
"U11602","HORWICH NETWORK PCN",2019-10-01
"U11614","WARWICKSHIRE RURAL PCN",2020-04-01
"U11625","LAUNCESTON AND TAMAR VALLEY PCN",2021-05-01
"U11684","RAMSGATE PCN",2019-10-01
"U11690","RIVERVIEW HEALTH PCN",2019-10-01
"U11694","BMC PASTON PCN",2019-10-01
"U11746","SWB NEWCOMEN PCN",2019-10-01
"U11781","WEST BERKSHIRE RURAL PCN",2019-10-01
"U11864","WOODSLEY PCN",2019-10-01
"U12169","NORTH BLABY PCN",2019-10-01
"U12199","EAST HEREFORDSHIRE PCN",2019-10-01
"U12200","CANNOCK NORTH PCN",2019-10-01
"U12365","SEDGEFIELD NORTH PCN",2019-10-01
"U12376","HEELEY PLUS PCN",2019-10-01
"U12413","EAST LINDSEY PCN",2019-10-01
"U12548","REGENT HEALTH PCN",2019-10-01
"U12550","MPA PCN",2023-01-01
"U12553","AEGROS HEALTH PCN",2019-10-01
"U12563","RUSHCLIFFE PCN",2019-10-01
"U12754","SOUTH EAST OXFORD HEALTH ALLIANCE (SEOXHA) PCN",2019-10-01
"U12833","HEALTHIER SOUTH WIRRAL PCN",2019-10-01
"U12920","HARINGEY - NORTH WEST PCN",2019-10-01
"U12949","SYNERGY HEALTH PCN",2019-10-01
"U12951","LEEK & BIDDULPH PCN",2019-10-01
"U13032","FENS & BRECKS PCN",2019-10-01
"U13098","MILES PLATTING NEWTON HEATH & MOSTON PCN",2019-10-01
"U13205","WREKIN PCN",2020-06-01
"U13245","PORTER VALLEY PCN",2019-10-01
"U13456","YATE & FRAMPTON PCN",2019-10-01
"U13557","NORWICH PCN",2019-10-01
"U13621","SOUTH DALES PCN",2022-04-01
"U13655","SOUTH BIRMINGHAM ALLIANCE PCN",2019-10-01
"U13680","ASPIRE MEDICAL PCN",2023-12-01
"U13720","GATESHEAD EAST PCN",2019-10-01
"U13761","THE RIDGE PCN",2019-10-01
"U13771","PETERBOROUGH PARTNERSHIPS PCN",2019-10-01
"U13952","CENTRAL WORTHING PRACTICES PCN",2019-10-01
"U13956","CHELTENHAM PERIPHERAL PCN",2019-10-01
"U13990","RIPON & MASHAM PCN",2019-10-01
"U14006","VICTORIA PCN",2019-10-01
"U14045","EAST WARRINGTON PCN",2019-10-01
"U14062","WEST HOVE PCN",2019-10-01
"U14074","ASCOT PCN",2019-10-01
"U14261","POOLE BAY & BOURNEMOUTH PCN",2019-10-01
"U14327","OLDHAM CENTRAL PCN",2019-10-01
"U14482","WEST-HILL HEALTH PCN",2019-10-01
"U14615","EASINGTON CENTRAL PCN",2019-10-01
"U14646","SUNDERLAND WEST 1 PCN",2019-10-01
"U14694","CENTRAL SLOUGH NETWORK PCN",2019-10-01
"U14816","HEALTHY CRAWLEY PCN",2019-10-01
"U14878","NESTON & WILLASTON PCN",2019-10-01
"U14922","CW UNITY PCN",2019-10-01
"U15138","HERTFORD AND RURALS PCN",2019-10-01
"U15164","ANDOVER PCN",2019-10-01
"U15230","ABINGDON CENTRAL PCN",2019-10-01
"U15334","HARINGEY - EAST CENTRAL PCN",2019-10-01
"U15435","HEATONS GROUP NETWORK PCN",2019-10-01
"U15488","EAST BASILDON PCN",2019-10-01
"U15552","SMALL HEATH PCN",2019-10-01
"U15644","LEIGHTON LINSLADE HEALTH CONNECTIONS PCN",2019-10-01
"U15646","NORWICH EAST PCN",2024-04-01
"U15814","SHAKESPEARE ROAD MEDICAL PRACTICE PCN",2023-01-01
"U16004","ELY SOUTH PCN",2019-10-01
"U16083","SOUTH CENTRAL EALING PCN",2019-10-01
"U16196","FOREST OF DEAN PCN",2019-10-01
"U16318","RUGELEY & GREAT HAYWOOD PCN",2019-10-01
"U16338","NORTH & SOUTH GLOUCESTER (NSG) PCN",2019-10-01
"U16428","MIDDLETON PCN",2019-10-01
"U16446","NORTH UTTLESFORD PCN",2019-10-01
"U16464","BARNSLEY PCN",2019-10-01
"U16538","MERIDIAN HEALTH GROUP NEL PCN",2019-10-01
"U16600","4PCN (BNSSG) PCN",2019-10-01
"U16644","MILLOM PCN",2024-04-01
"U16737","POOLE NORTH PCN",2019-10-01
"U16816","ASPEN PCN",2019-10-01
"U16878","BEESTON PCN",2019-10-01
"U16983","A34 WEST BERKSHIRE PCN",2019-10-01
"U17012","SOUTH LINCOLNSHIRE RURAL PCN",2019-10-01
"U17022","BRADFORD NORTH WEST PCN",2019-10-01
"U17081","ROMSEY & NORTH BADDESLEY PCN",2019-10-01
"U17084","WALTHAM FOREST WALTHAMSTOW WEST PCN",2019-10-01
"U17153","WEST MENDIP PCN",2019-10-01
"U17156","MILLTOWN ALLIANCE PCN",2019-10-01
"U17168","SOUTH HARDWICK PCN",2019-10-01
"U17435","APEX PCN",2019-10-01
"U17794","SOUTHEND VICTORIA PCN",2019-10-01
"U17834","DARTFORD MODEL PCN",2019-10-01
"U17849","NEWCASTLE EAST PCN",2019-10-01
"U17969","FARNHAM PCN",2019-10-01
"U17992","BARROW TOGETHER PCN",2019-10-01
"U18020","STOURBRIDGE, WOLLESCOTE & LYE PCN",2019-10-01
"U18195","KINGSTANDING, ERDINGTON & NECHELLS PCN",2019-10-01
"U18267","ROSEWOOD PCN",2019-10-01
"U18315","AT MEDICS STREATHAM PCN",2019-10-01
"U18398","HAMMERSMITH & FULHAM PARTNERSHIP PCN",2019-10-01
"U18460","SOUTHPORT & FORMBY PCN",2021-04-01
"U18494","SOUTHAMPTON SEA CITY PCN",2024-04-01
"U18888","MVPS PCN",2019-10-01
"U18986","SOUTHAMPTON CENTRAL PCN",2019-10-01
"U18990","MALDON & WITHAM PCN",2019-10-01
"U19031","WELLINGBOROUGH & DISTRICT PCN",2019-10-01
"U19124","PORTSMOUTH NORTH PCN",2019-10-01
"U19152","WELWYN GARDEN CITY A PCN",2019-10-01
"U19169","CLIFTON & MEADOWS PCN",2019-10-01
"U19348","WOLVERHAMPTON UNITY EAST PCN",2019-10-01
"U19424","CHESSINGTON AND SURBITON PCN",2019-10-01
"U19471","MERIDIAN PCN",2019-10-01
"U19803","BABYLON GP AT HAND PCN",2019-10-01
"U19808","LANCASTER PCN",2019-10-01
"U19864","NORWICH NORTH PCN",2024-04-01
"U19923","WIMBORNE & FERNDOWN PCN",2019-10-01
"U20165","COCO PCN",2019-10-01
"U20256","SOUTH TYNESIDE EAST PCN",2019-10-01
"U20290","LOXFORD PCN",2019-10-01
"U20320","MAIDENHEAD PCN",2019-10-01
"U20349","NEWTON AND HAYDOCK PCN",2019-10-01
"U20350","FOUNDRY PCN",2019-10-01
"U20410","WHAM PCN",2019-10-01
"U20454","WOLVERHAMPTON RWT PCN",2019-10-01
"U20639","DELTA PCN",2019-10-01
"U20640","ST NEOTS PCN",2019-10-01
"U20827","RURAL WEST OXFORDSHIRE PCN",2019-10-01
"U20871","GOSPORT CENTRAL PCN",2019-10-01
"U20931","KIDLINGTON, ISLIP, WOODSTOCK & YARNTON (KIWY) PCN",2019-10-01
"U21059","NORTH DEVON COASTAL PCN",2019-10-01
"U21078","TADCASTER AND SELBY RURAL PCN",2019-10-01
"U21222","LEWISHAM ALLIANCE PCN",2019-10-01
"U21248","TRIANGLE PCN",2019-10-01
"U21268","HACKNEY DOWNS PCN",2019-10-01
"U21317","THE HAVENS PCN",2019-10-01
"U21339","ARUN INTEGRATED CARE (AIC) PCN LTD",2019-10-01
"U21359","SOUTH WORCS VALE OF EVESHAM HEALTH PCN",2019-10-01
"U21400","PENDLE EAST PCN",2019-10-01
"U21465","SHORE MEDICAL PCN",2019-10-01
"U21470","HERNE BAY PCN",2019-10-01
"U21547","SALISBURY PLAIN PCN",2020-04-01
"U21617","TYNTESFIELD PCN",2019-10-01
"U21757","ORMSKIRK PCN",2019-10-01
"U21926","HINDLEY PCN",2019-10-01
"U21951","MENDIP PCN",2019-10-01
"U21965","MEDWAY SOUTH PCN",2019-10-01
"U21972","COASTAL FAREHAM & GOSPORT PCN",2019-10-01
"U22020","ST PAUL'S PCN",2019-10-01
"U22092","STRAWBERRY HEALTH PCN",2019-10-01
"U22192","THE MARSH PCN",2019-10-01
"U22426","DEAN'S AND CENTRAL BRIGHTON PCN",2019-10-01
"U22471","SMARTCARE CENTRAL PCN",2019-10-01
"U22506","MODALITY LEWISHAM PCN",2019-10-01
"U23362","SOUTH ONE NEWHAM PCN",2019-10-01
"U23418","LIGA WIGAN PCN",2019-10-01
"U23535","REDHILL PHOENIX PCN",2019-10-01
"U23544","SANDHILLS PCN",2022-04-01
"U23546","APLOS HEALTH PCN",2019-10-01
"U23620","BANBURY CROSS PCN",2019-10-01
"U23710","SEVERN HEALTH PCN",2019-10-01
"U23714","REDCAR COASTAL PCN",2019-10-01
"U23742","BLACKBOURNE PCN",2019-10-01
"U23821","ARC BUCKS PCN",2019-10-01
"U23862","STROUD COTSWOLD PCN",2019-10-01
"U24247","CENTRAL & WEST (IW) PCN",2019-10-01
"U24388","CANTAB MEDICAL PRACTICES PCN",2019-10-01
"U24481","SEVENOAKS PCN",2019-10-01
"U24558","CHICHESTER ALLIANCE OF MEDICAL PRACTICES PCN",2019-10-01
"U24727","POTTERS BAR PCN",2019-10-01
"U24740","HOUNSLOW HEALTH PCN",2019-10-01
"U24883","NORTH SHROPSHIRE PCN",2019-10-01
"U24972","STUDENT & CENTRAL SHEFFIELD PCN",2024-04-01
"U24977","CRAMLINGTON SEATON VALLEY PCN",2019-10-01
"U24992","HERITAGE PCN",2019-10-01
"U24998","HAVERING LIBERTY PCN",2024-07-01
"U25131","KILBURN PARTNERSHIP PCN",2019-10-01
"U25219","FIVE TOWNS PCN",2019-10-01
"U25240","PEOPLE'S HEALTH PARTNERSHIP PCN",2019-10-01
"U25251","WEYMOUTH & PORTLAND PCN",2019-10-01
"U25255","DEAL & SANDWICH PCN",2019-10-01
"U25294","MELTON, SYSTON AND VALE PCN",2019-10-01
"U25405","YATELEY PCN",2019-10-01
"U25489","BLYTH PCN",2019-10-01
"U25520","MID FURNESS PCN",2019-10-01
"U25545","WELL UP NORTH PCN",2019-10-01
"U25572","DEVIZES PCN",2019-10-01
"U25587","COMMUNITY CARE HALL GREEN PCN",2019-10-01
"U25656","WALLASEY PCN",2019-10-01
"U25680","KESWICK & SOLWAY PCN",2019-10-01
"U25707","TONE VALLEY PCN",2019-10-01
"U25735","SWB CITRUS PCN",2019-10-01
"U25799","SMASH PCN",2019-10-01
"U25882","EREWASH PCN",2019-10-01
"U26059","NEW FOREST PCN",2019-10-01
"U26254","TELDOC PCN",2019-10-01
"U26345","SE SHROPSHIRE PCN",2019-10-01
"U26379","HULME & CITY CENTRE SOUTH PCN",2021-08-01
"U26493","GREEN VALE HEALTH PCN",2023-04-21
"U26715","WOLVERHAMPTON SOUTH EAST PCN",2019-10-01
"U26743","TONBRIDGE PCN",2019-10-01
"U26744","BARKING & DAGENHAM NEW WEST PCN",2019-10-01
"U26788","LYTHAM ST ANNES PCN",2019-10-01
"U26808","SARUM NORTH PCN",2019-10-01
"U26844","MOSAIC HEALTHCARE PCN",2019-10-01
"U26864","DURHAM COAST PCN",2019-10-01
"U26878","BARRACK LANE & IVRY STREET PCN",2019-10-01
"U26939","HORSHAM CENTRAL PCN",2019-10-01
"U26996","CITYVIEW PCN",2019-10-01
"U26997","OXFORD CENTRAL PCN",2019-10-01
"U27026","GRAVESEND CENTRAL PCN",2019-10-01
"U27086","BD4+ PCN",2019-10-01
"U27128","PHOENIX SUNRISERS PCN",2019-10-01
"U27129","EDGBASTON PCN",2019-10-01
"U27139","HARINGEY - SOUTH WEST PCN",2019-10-01
"U27258","EAST IPSWICH PCN",2019-10-01
"U27349","ONE LIFE HARTLEPOOL PCN",2019-10-01
"U27362","BARKING & DAGENHAM EAST ONE PCN",2019-10-01
"U27366","BOURNVILLE AND NORTHFIELD PCN",2019-10-01
"U27515","BOURNEMOUTH EAST COLLABORATIVE PCN",2019-10-01
"U27585","SEVEN KINGS PCN",2019-10-01
"U27607","WOLVERHAMPTON TOTAL HEALTH PCN",2019-10-01
"U27624","BAY PCN",2019-10-01
"U27664","STROOD PCN",2019-10-01
"U27924","BENFLEET PCN",2019-10-01
"U27932","WEB PCN",2019-10-01
"U28163","WEST 3 PCN",2019-10-01
"U28174","TAUNTON CENTRAL PCN",2019-10-01
"U28178","UNITY (BEDFORD) PCN",2019-10-01
"U28237","MIDDLEWOOD PCN",2019-10-01
"U28255","EAST NORTHANTS PCN",2019-10-01
"U28348","HARTHILL EAST RIDING PCN",2019-10-01
"U28378","TOWNSHIPS 2 PCN",2019-10-01
"U28405","HIGH PEAK & BUXTON PCN",2019-10-01
"U28474","THE BINGLEY BUBBLE PCN",2019-10-01
"U28765","ASOP PCN",2019-10-01
"U28791","BRUNEL HEALTH GROUP PCN4",2020-01-31
"U29000","WARRINGTON CENTRAL EAST PCN",2019-10-01
"U29053","CITY SOUTH PCN",2019-10-01
"U29197","PHOENIX PCN",2021-04-01
"U29246","TOTTON PCN",2019-10-01
"U29424","HAVERING CREST PCN",2019-10-01
"U29575","COVENTRY NAVIGATION 1 PCN",2020-01-01
"U29677","EAST & CENTRAL BRIGHTON PCN",2021-04-01
"U29951","NANTWICH & RURAL PCN",2019-10-01
"U30079","BARNET 6 PCN",2019-10-01
"U30123","ELY NORTH PCN",2019-10-01
"U30170","TABA WIGAN PCN",2019-10-01
"U30213","CROSS COUNTIES PCN",2019-10-01
"U30256","SKYWARD PCN",2021-07-01
"U30335","RAYLEIGH AND DISTRICT PCN",2019-10-01
"U30526","MAYDAY SOUTH PCN",2019-10-01
"U30563","FAREHAM & PORTCHESTER PCN",2019-10-01
"U30587","DONCASTER NORTH PCN",2019-10-01
"U30913","BEVERLEY PCN",2019-10-01
"U31094","CHAW (CHELFORD, HANDFORTH, ALDERLEY EDGE, WILMSLOW) PCN",2019-10-01
"U31169","SEVEN HILLS PCN",2019-10-01
"U31228","BURMANTOFTS, HAREHILLS & RICHMOND HILL PCN",2019-10-01
"U31269","WEST LEEDS PCN",2019-10-01
"U31305","SHAPE PCN",2019-10-01
"U31313","SOUTH WARRINGTON PCN",2019-10-01
"U31390","CREFFIELD MEDICAL GROUP PCN",2019-10-01
"U31420","BRECKLAND SURGERIES PCN",2019-10-01
"U31504","ROSSENDALE WEST PCN",2019-10-01
"U31538","ROSEBANK PCN",2019-10-01
"U31548","HEALTH VISION PARTNERSHIP PCN",2019-10-01
"U31619","TEESDALE PCN",2019-10-01
"U31823","BURNLEY EAST PCN",2019-10-01
"U31847","WAKEFIELD HEALTH ALLIANCE SOUTH PCN",2019-10-01
"U31922","NEXUS MK PCN",2019-10-01
"U31970","TRURO PCN",2019-10-01
"U32001","SEVERNVALE PCN",2019-10-01
"U32116","SWB YOUR HEALTH PARTNERSHIP PCN",2019-10-01
"U32323","MANSFIELD NORTH PCN",2019-10-01
"U32349","SOUTH WORCS WORCESTER CITY GP PCN",2019-10-01
"U32354","PARK AND ORCHARD PCN",2024-09-01
"U32372","OUTER EXETER PCN",2019-10-01
"U32760","PURBECK PCN",2019-10-01
"U32828","SHEEN & BARNES PCN",2019-10-01
"U32831","CANALSIDE PCN",2019-10-01
"U32901","BRUNEL HEALTH GROUP PCN3",2019-10-01
"U32995","WHITSTABLE PCN",2019-10-01
"U33024","ONE THORNTON HEATH PCN",2019-10-01
"U33065","HARNESS NORTH PCN",2020-04-01
"U33192","SOAR VALLEY PCN",2019-10-01
"U33392","BARNET 2 PCN",2019-10-01
"U33451","SOUTH CRAWLEY PCN",2019-10-01
"U33522","HARLOW SOUTH PCN",2019-10-01
"U33566","GUILDFORD EAST PCN",2019-10-01
"U33593","RURAL NORTH CHICHESTER PCN",2019-10-01
"U33609","NGP PCN",2019-10-01
"U33691","GATESHEAD INNER WEST PCN",2019-10-01
"U33832","MERIDIAN MEDICAL PCN",2022-04-01
"U33954","GP CONNECT PCN",2019-10-01
"U33963","BRISTOL INNER CITY PCN",2019-10-01
"U34072","HARLOW NORTH PCN",2019-10-01
"U34146","JESMOND - LOWER GOSFORTH PCN",2019-10-01
"U34184","WHITEWATER LODDON PCN",2019-10-01
"U34188","NEWHAM NORTH EAST 1 PCN",2019-10-01
"U34230","NEWTON WEST PCN",2019-10-01
"U34235","DOVER TOWN PCN",2019-10-01
"U34388","CULM VALLEY PCN",2019-10-01
"U34538","ATTENBOROUGH PCN",2019-10-01
"U34632","BRIDGEDALE SOUTH RIBBLE PCN",2019-10-01
"U34667","GORTON AND LEVENSHULME PCN",2019-10-01
"U34742","CENTRAL HALIFAX PCN",2019-10-01
"U34811","WEST AND CENTRAL PCN",2021-05-01
"U34816","BLACKBURN WEST PCN",2019-10-01
"U34826","CRANE VALLEY PCN",2019-10-01
"U35004","CROWN PCN",2019-10-01
"U35438","BARNET 4 PCN",2019-10-01
"U35513","CELADINE HEALTH & METROCARE PCN",2019-10-01
"U35724","MEIR PCN",2019-10-01
"U35821","KETTERING & SOUTH WEST RURAL PCN",2019-10-01
"U35939","KENDAL PCN",2019-10-01
"U35980","CENTRAL LIVERPOOL PCN",2019-10-01
"U35987","HINCKLEY CENTRAL PCN",2019-10-01
"U36042","GORLESTON PCN",2019-10-01
"U36134","NEWCASTLE CENTRAL PCN",2019-10-01
"U36188","BECKENHAM PCN",2019-10-01
"U36231","ORION PCN",2022-04-01
"U36299","ALPHA PCN",2019-10-01
"U36452","LEAMINGTON SOUTH PCN",2019-10-01
"U36510","COLNE UNION PCN",2019-10-01
"U36512","WHITFIELD PCN",2019-10-01
"U36584","HARINGEY - N15/SOUTH EAST PCN",2019-10-01
"U36651","M-WEB PCN",2019-10-01
"U36652","CENTRAL WATFORD PCN",2019-10-01
"U36687","ENFIELD SOUTH WEST PCN",2019-10-01
"U36721","ARBENNEK HEALTH PCN",2019-10-01
"U36746","DONCASTER CENTRAL PCN",2019-10-01
"U36776","FRESHNEY PELHAM NEL PCN",2019-10-01
"U36779","BRIXTON AND CLAPHAM PARK PCN",2019-10-01
"U36780","HEALTH VILLAGE/DEARNE VALLEY PCN",2019-10-01
"U36795","NORTH 1 ISLINGTON PCN",2019-10-01
"U36809","BRUNEL HEALTH GROUP PCN5",2023-01-09
"U36833","CHELTENHAM CENTRAL PCN",2019-10-01
"U36842","GREATER WEALDEN PCN",2019-10-01
"U37007","READING UNIVERSITY PCN",2019-10-01
"U37037","SHOREHAM AND SOUTHWICK PCN",2019-10-01
"U37086","WEST END & MARYLEBONE PCN",2019-10-01
"U37262","CANBURY CHURCHILL ORCHARD BERRYLANDS PCN",2019-10-01
"U37286","TOWER NETWORK PCN",2019-10-01
"U37296","WEST KNOWSLEY PCN",2019-10-01
"U37297","NETWORK 4 (BNSSG) PCN",2019-10-01
"U37316","BRADFORD CITY 4 PCN",2019-10-01
"U37339","SITTINGBOURNE PCN",2020-04-01
"U37341","FOUNDRY HEALTHCARE LEWES PCN",2019-10-01
"U37388","BRAMHALL AND CHEADLE HULME PCN LTD",2019-10-01
"U37411","HAXBY HULL GROUP PCN",2022-05-01
"U37412","WEST DEVON PCN",2019-10-01
"U37593","SEDGEFIELD 1 PCN",2019-10-01
"U37618","SOUTH SEFTON PCN",2022-04-01
"U37826","SOUTH TYNESIDE WEST PCN",2019-10-01
"U38045","NORTH LAMBETH PCN",2019-10-01
"U38064","NORTH & WEST HEREFORDSHIRE PCN",2019-10-01
"U38066","SARUM TRINITY PCN",2021-04-01
"U38216","BRADFORD CITY 6 PCN",2019-10-01
"U38221","TOLSON CARE PARTNERSHIP PCN",2019-10-01
"U38271","ASHTON PCN",2019-10-01
"U38328","BROXBOURNE ALLIANCE PCN",2020-07-06
"U38486","CLAYPATH & UNIVERSITY MEDICAL GROUP PCN",2019-10-01
"U38661","LINCOLN HEALTH PARTNERSHIP PCN",2019-10-01
"U38731","MID DORSET PCN",2019-10-01
"U38734","SELSDON PURLEY & COULSDON HEALTH PCN",2019-10-01
"U39025","WGGL PCN",2019-10-01
"U39113","NEWCASTLE SOUTH PCN",2019-10-01
"U39263","ELTHAM PCN",2019-10-01
"U39345","UOS STUDENT PCN",2019-10-01
"U39446","EAST BEDFORD PCN",2019-10-01
"U39686","BARNET 5 PCN",2019-10-01
"U39721","HILLS, BROOKS & DALES GROUP PCN",2019-10-01
"U39739","WEST OF WAVERLEY PCN",2019-10-01
"U40100","LONDON FIELDS PCN",2019-10-01
"U40115","LIVEWELL MAYFLOWER PCN",2019-10-01
"U40159","MMWF PCN",2019-10-01
"U40164","EASTLEIGH HEALTH PCN",2019-10-01
"U40458","MORDEN PCN",2019-10-01
"U40502","HARTLEPOOL HEALTH PCN",2019-10-01
"U40593","ORWELL PCN",2019-10-01
"U40722","SWANLEY & RURAL PCN",2019-10-01
"U40951","MID DEVON HEALTHCARE PCN",2019-10-01
"U41025","GRAND UNION PCN",2024-04-01
"U41041","FIVEWAYS PCN",2019-10-01
"U41523","SOUTH COTSWOLDS PCN",2019-10-01
"U41563","OLDHAM NORTH PCN",2019-10-01
"U41591","COAST AND COUNTRY PCN",2019-10-01
"U41693","SPALDING PCN",2019-10-01
"U41928","SOLIHULL RURAL PCN",2019-10-01
"U41930","GATESHEAD OUTER WEST PCN",2019-10-01
"U42007","NORTH WEST LEICESTERSHIRE PCN",2019-10-01
"U42142","CLACTON PCN",2020-04-01
"U42152","WIGAN CENTRAL PCN",2019-10-01
"U42154","BATTERSEA PCN",2019-10-01
"U42235","BANSTEAD HEALTHCARE PCN",2019-10-01
"U42276","CHISWICK PCN",2019-10-01
"U42510","BLANDFORD PCN",2019-10-01
"U42598","BALHAM, TOOTING & FURZEDOWN PCN",2019-10-01
"U42671","FLEET PCN",2019-10-01
"U42807","CHESTER CENTRAL PCN",2019-10-01
"U42898","SOUTH TRAFFORD PCN",2019-10-01
"U42972","VICTORIA EASTBOURNE PCN",2019-10-01
"U43067","CROSSGATES PCN",2019-10-01
"U43072","MEDWAY VALLEY PCN",2024-10-01
"U43084","WEST WAKEFIELD PCN",2019-10-01
"U43112","BROMLEY CONNECT PCN",2019-10-01
"U43314","SUNDERLAND NORTH PCN",2019-10-01
"U43524","NEWCASTLE CENTRAL HEALTH PCN",2019-10-01
"U43660","NORTH BIRMINGHAM PCN",2019-10-01
"U44012","KESTON MOORINGS & PARKSIDE PCN",2019-10-01
"U44050","SOUTH WEST MERTON PCN",2019-10-01
"U44365","WEST BIRMINGHAM PCN",2019-10-01
"U44401","NORTH LINCOLNSHIRE EAST PCN",2019-10-01
"U44537","SWB MODALITY PCN",2019-10-01
"U44561","BESTWOOD AND SHERWOOD PCN",2019-10-01
"U44623","TOTAL HEALTH EXCELLENCE EAST PCN",2019-10-01
"U44671","KENNET PCN",2019-10-01
"U44695","WEST END FAMILY HEALTH PCN",2019-10-01
"U44713","SARUM CATHEDRAL PCN",2021-04-01
"U45014","WARRINGTON INNOVATION PCN",2019-10-01
"U45015","ELM PARK PCN",2024-04-01
"U45098","CLAPHAM PCN",2019-10-01
"U45102","DARLINGTON PCN",2019-10-01
"U45156","OLDBURY & SMETHWICK PCN",2019-10-01
"U45528","SOLIHULL HEALTHCARE PARTNERSHIP PCN",2019-10-01
"U45611","SKELMERSDALE PCN",2019-10-01
"U45670","WEST OUTER AND NORTH EAST YORK PCN",2020-04-01
"U45703","GREENWELL PCN",2019-10-01
"U45809","BLACKPOOL SOUTH PCN",2019-10-01
"U45842","WEST WANDSWORTH PCN",2019-10-01
"U45898","NEWCASTLE INNER WEST PCN",2019-10-01
"U45943","EAST MERTON PCN",2019-10-01
"U45992","CITY CENTRE & ANCOATS PCN",2019-10-01
"U46071","WESTHOUGHTON NETWORK PCN",2019-10-01
"U46082","YORK CITY CENTRE PCN",2019-10-01
"U46154","WINCHESTER RURAL NORTH & EAST PCN",2019-10-01
"U46190","MEWSTONE PCN",2019-10-01
"U46293","WOODBERRY WETLANDS PCN",2019-10-01
"U46389","HAVANT AND WATERLOOVILLE PCN",2019-10-01
"U46417","NORTH COLCHESTER PCN",2019-10-01
"U46437","BORDESLEY EAST PCN",2019-10-01
"U46447","GOLDSTONE PCN",2019-10-01
"U46454","HARBORNE PCN",2019-10-01
"U46464","IVEL VALLEY SOUTH PCN",2019-10-01
"U46593","GREENWICH WEST PCN",2019-10-01
"U46695","BURNTWOOD PCN",2019-10-01
"U46901","SASSE NETWORK 1 PCN",2019-10-01
"U46976","MORETON AND MEOLS PCN",2019-10-01
"U47004","SOUTHAMPTON WEST PCN",2019-10-01
"U47184","CHESHAM & LITTLE CHALFONT PCN",2019-10-01
"U47223","DERBY CITY SOUTH PCN",2019-10-01
"U47228","ABC PCN",2019-10-01
"U47242","NOTTINGHAM CITY EAST PCN",2019-10-01
"U47425","WEST SOMERSET PCN",2019-10-01
"U47608","NEOHEALTH PCN",2019-10-01
"U47609","ALLIANCE OF SUTTON PRACTICES PCN",2019-10-01
"U47655","DIDCOT PCN",2019-10-01
"U47657","INTEGRATED CARE PARTNERSHIP PCN",2019-10-01
"U47812","WALTHAM FOREST SOUTH LEYTONSTONE PCN",2019-10-01
"U47851","ARROW HEALTH PCN",2019-10-01
"U47882","BLACKPOOL CENTRAL WEST PCN",2019-10-01
"U47946","E4 NETWORK PCN",2019-10-01
"U47975","SOUTH WAVENEY PCN",2019-10-01
"U48026","LEICESTER CITY & UNIVERSITY PCN",2019-10-01
"U48056","EASTBOURNE EAST PCN",2019-10-01
"U48176","CHELMER PCN",2019-10-01
"U48302","COPELAND PCN",2019-10-01
"U48502","BLACKBURN EAST PCN",2019-10-01
"U48538","HEALTHWEST PCN",2019-10-01
"U48652","KINGS LYNN PCN",2019-10-01
"U48691","WARE AND RURALS PCN",2019-10-01
"U48923","SWB URBAN HEALTH PCN",2019-10-01
"U49001","WATERGATE PCN",2019-10-01
"U49070","PRESTON & SOUTH RIBBLE PCN",2023-04-01
"U49145","GO WEST PCN",2019-10-01
"U49226","BURY PCN",2019-10-01
"U49304","WOKINGHAM NORTH PCN",2019-10-01
"U49525","HORIZON PCN",2019-10-01
"U49529","CLAYTON BESWICK & OPENSHAW PCN",2019-10-01
"U49536","COASTAL AND SOUTH DOWNS PCN",2019-10-01
"U49574","ASCENT PCN",2020-07-01
"U49615","SOUTH RURAL PCN",2019-10-01
"U49727","ANFIELD & EVERTON PCN",2019-10-01
"U49728","WALSALL WEST 1 PCN",2019-10-01
"U49785","WYVERN HEALTH PARTNERSHIP PCN",2019-10-01
"U49851","WACA PCN",2019-10-01
"U49896","TEDDINGTON PCN",2019-10-01
"U49929","ROCHFORD PCN",2019-10-01
"U49944","UPPER DON VALLEY PCN",2019-10-01
"U50083","THE WBC (HEREFORD CITY) PCN",2019-10-01
"U50107","HAVERING MARSHALL PCN",2019-10-01
"U50165","MARKET HARBOROUGH & BOSWORTH PCN",2019-10-01
"U50197","FROGNAL PCN",2019-10-01
"U50263","OTLEY PCN",2019-10-01
"U50277","THE CRAYS COLLABORATIVE PCN",2019-10-01
"U50311","EDMONTON PCN",2022-04-01
"U50322","BARNSTAPLE ALLIANCE PCN",2019-10-01
"U50573","CARNFORTH AND MILNTHORPE PCN",2019-10-01
"U50767","ASHFORD MEDICAL PARTNERSHIP PCN",2020-09-01
"U50771","TOWER HAMLETS NETWORK 1 PCN",2019-10-01
"U50996","LOWER VALLEY PCN",2019-10-01
"U51050","HARROW EAST PCN",2019-10-01
"U51153","WEOLEY AND RUBERY PCN",2019-10-01
"U51200","ARNOLD AND CALVERTON PCN",2019-10-01
"U51229","MEDICS PCN",2019-10-01
"U51307","CRANBROOK PCN",2019-10-01
"U51357","WOKING WISE 1 PCN",2019-10-01
"U51429","THE VALE PCN",2019-10-01
"U51488","EAST HILL, ABBEY FIELDS & TOLLGATE PCN",2019-10-01
"U51492","CLISSOLD PARK PCN",2019-10-01
"U51498","HH COLLABORATIVE PCN",2019-10-01
"U51577","KENTISH TOWN CENTRAL PCN",2019-10-01
"U51636","HARINGEY - NORTH CENTRAL PCN",2019-10-01
"U51667","BEACON (CHARNWOOD) PCN",2019-10-01
"U51839","TOTAL HEALTH EXCELLENCE WEST PCN",2019-10-01
"U51930","SYNERGY PCN",2019-10-01
"U52026","SW SHROPSHIRE PCN",2019-10-01
"U52075","NORTH RIDING HEALTHY COMMUNITY PCN",2019-10-01
"U52199","SELSDON ADDINGTON & SHIRLEY PCN",2019-10-01
"U52219","NORTH LINCOLNSHIRE SOUTH PCN",2019-10-01
"U52261","BLUE PCN",2019-10-01
"U52297","SUNDERLAND EAST PCN",2019-10-01
"U52461","CENTRAL HAMPSTEAD PCN",2019-10-01
"U52468","TENDRING PCN",2019-10-01
"U52546","NORTH WEST MERTON PCN",2019-10-01
"U52641","NORTH NEWHAM PCN",2019-10-01
"U52694","CRAWLEY CARE COLLABORATIVE PCN",2019-10-01
"U52763","HAVERHILL PCN",2019-10-01
"U52802","FOUR COUNTIES PCN",2019-10-01
"U52814","KINGSTON PCN",2019-10-01
"U52868","ALPS GROUP PCN",2019-10-01
"U52997","EAST SUFFOLK PCN",2020-06-01
"U53179","GLOUCESTER INNER CITY PCN",2019-10-01
"U53230","THE PICTON PCN",2019-10-01
"U53279","CALDER & RYBURN PCN",2019-10-01
"U53317","WOKING WISE 2 PCN",2019-10-01
"U53419","ROCKINGHAM FOREST PCN",2019-10-01
"U53562","NORTH SOUTHALL PCN",2019-10-01
"U53612","DACORUM BETA PCN",2019-10-01
"U53637","NORTH DERBYSHIRE PCN",2023-04-01
"U53775","WESTONGROVE PCN",2019-10-01
"U53896","NORTH LEWISHAM PCN",2019-10-01
"U53900","DENTON PCN",2019-10-01
"U53962","DURHAM EAST PCN",2019-10-01
"U53963","ASHFIELD SOUTH PCN",2019-10-01
"U53997","SOUTHAMPTON WOOLSTON & TOWNHILL PCN",2019-10-01
"U53999","GREATER DERBY PCN",2019-10-01
"U54007","NORTH CAMDEN PCN",2019-10-01
"U54044","SWB CENTRAL HEALTH PARTNERSHIPS PCN",2019-10-01
"U54372","SPEN HEALTH & WELLBEING PCN",2019-10-01
"U54453","TOWER HAMLETS NETWORK 2 PCN",2019-10-01
"U54554","PIONEERS INTEGRATED PARTNERSHIP PCN",2022-08-01
"U54565","NORTH ARDEN PCN",2020-04-01
"U54760","HIGH WEALD PCN",2019-10-01
"U54764","LEICESTER CITY SOUTH PCN",2019-10-01
"U54853","DONCASTER EAST PCN",2019-10-01
"U54911","LIVERPOOL FIRST PCN",2019-10-01
"U54948","BALSALL HEATH, SPARKHILL & MOSELEY PCN",2019-10-01
"U55014","NORTH & CENTRAL BRIGHTON PCN",2019-10-01
"U55117","RALEIGH HEALTHCARE PCN",2024-04-01
"U55146","CENTRAL BASILDON PCN",2019-10-01
"U55161","PENNINES PCN",2019-10-01
"U55369","SOUTH FENLAND PCN",2019-10-01
"U55387","BARKING & DAGENHAM NORTH PCN",2019-10-01
"U55397","THE COASTAL NETWORK PCN",2019-10-01
"U55399","BAYWIDE PCN",2019-10-01
"U55441","HALESOWEN PCN",2019-10-01
"U55709","CENTRAL 2 ISLINGTON PCN",2019-10-01
"U55717","HAMMERSMITH & FULHAM CENTRAL PCN",2019-10-01
"U55724","ARDEN PCN",2019-10-01
"U55812","STEVENAGE NORTH PCN",2019-10-01
"U55830","CENTRAL MIDDLESBROUGH PCN",2019-10-01
"U55887","CENTRAL NORWICH PCN",2024-04-01
"U55939","HAVERING NORTH PCN",2019-10-01
"U55979","SARUM WEST PCN",2019-10-01
"U56140","COASTAL (WEST HAMPSHIRE) PCN",2019-10-01
"U56215","TRENT CARE PCN",2019-10-01
"U56223","BRIDLINGTON PCN",2019-10-01
"U56341","BRENTWORTH PCN",2019-10-01
"U56562","PRIORY MEDICAL GROUP YORK PCN",2020-04-01
"U56575","LOCC PCN",2019-10-01
"U56676","EPPING FOREST NORTH PCN",2019-10-01
"U56681","DOCKLANDS PCN",2019-10-01
"U56729","SEISDON PCN",2019-10-01
"U56757","MEDWAY PENINSULA PCN",2019-10-01
"U56857","CHEADLE NETWORK PCN",2019-10-01
"U56977","KNARESBOROUGH & RURAL PCN",2019-10-01
"U57009","FILEY AND SCARBOROUGH PCN",2019-10-01
"U57096","CHORLEY TOGETHER PCN",2022-05-01
"U57294","SWB CARITAS PCN",2019-10-01
"U57300","CARE COLLABORATIVE (REDHILL) PCN",2019-10-01
"U57321","ABINGDON AND DISTRICT PCN",2019-10-01
"U57480","SWAGGA PCN",2019-10-01
"U57586","BRENT NORTH KWH PCN",2019-10-01
"U57641","EAST STAFFORDSHIRE PCN",2019-10-01
"U57786","SWINTON PCN",2019-10-01
"U57955","HAMBLETON SOUTH PCN",2019-10-01
"U57981","CHANCTONBURY PCN",2019-10-01
"U58020","SEVENFIELDS PCN",2019-10-01
"U58127","COVENTRY CENTRAL PCN",2020-01-01
"U58188","NORTHENDEN & BROOKLANDS (WYTHENSHAWE) PCN",2019-10-01
"U58215","SOUTH UTTLESFORD PCN",2019-10-01
"U58256","WELL STREET COMMON PCN",2019-10-01
"U58312","ENFIELD UNITY PCN",2019-10-01
"U58435","FIRST COASTAL PCN",2020-04-01
"U58525","SASSE NETWORK 2 PCN",2019-10-01
"U58538","BARNET 3 PCN",2019-10-01
"U58600","WATLING STREET NETWORK PCN",2019-10-01
"U58673","ROYAL PARKS PCN",2019-10-01
"U58704","IMP PCN",2019-10-01
"U58708","WOOSEHILL AND CROWTHORNE PCN",2022-04-01
"U58840","JURASSIC COAST PCN",2019-10-01
"U58973","STORT VALLEY & VILLAGES PCN",2019-10-01
"U59216","UNITY (NOTTINGHAM) PCN",2019-10-01
"U59367","BRIDGEWATER PCN",2019-10-01
"U59570","GRANGE AND LAKES PCN",2019-10-01
"U59591","OASIS PCN",2019-10-01
"U59622","MID CHILTERN PCN",2019-10-01
"U59961","LOWESTOFT PCN",2019-10-01
"U59980","WESTERN DALES PCN",2019-10-01
"U60057","SHREWSBURY PCN",2019-10-01
"U60094","SOUTH SOUTHWARK PCN",2019-10-01
"U60098","WOLVERHAMPTON NORTH NETWORK PCN",2019-10-01
"U60113","THREE HARBOURS AND BOSVENA PCN",2019-10-01
"U60176","3 CENTRES PCN",2019-10-01
"U60337","CENTRAL 1 ISLINGTON PCN",2019-10-01
"U60450","HEALTH ALLIANCE PCN",2019-10-01
"U60509","DERBY CITY NORTH PCN",2019-10-01
"U60510","SALFORD SOUTH EAST PCN",2019-10-01
"U60524","CROXTED PCN",2019-10-01
"U60622","SOUTH SOMERSET WEST PCN",2019-10-01
"U60757","BOGNOR COASTAL ALLIANCE PCN",2023-04-01
"U60843","OAKDALE PARK PCN",2019-10-01
"U60845","WALSALL SOUTH 2 PCN",2019-10-01
"U60865","TOWER HAMLETS NETWORK 7 PCN",2019-10-01
"U60916","CITY - OX3+ PCN",2019-10-01
"U60978","GLOSSOP PCN",2019-10-01
"U61151","MEDWAY RAINHAM PCN",2019-10-01
"U61321","BELPER PCN",2019-10-01
"U61347","NORTH WILTS BORDER PCN",2019-10-01
"U61505","HOLT PARK PCN",2019-10-01
"U61868","WASHINGTON PCN",2019-10-01
"U61963","WANDLE PCN",2019-10-01
"U62043","COASTAL (KERNOW) PCN",2019-10-01
"U62122","EQUALITY PCN",2022-04-01
"U62148","SOUTH EAST TELFORD PCN",2021-04-01
"U62213","RUGBY PCN",2019-10-01
"U62251","BANBURY ALLIANCE PCN",2020-06-01
"U62360","SOUTH FULHAM PCN",2019-10-01
"U62384","HULL MODALITY PARTNERSHIP PCN",2019-10-01
"U62485","NORTH NORFOLK 3 PCN",2019-10-01
"U62501","NEW READING PCN",2022-07-01
"U62545","EAST KENNET PCN",2019-10-01
"U62614","K AND C SOUTH PCN",2019-10-01
"U62853","TOWNSHIPS 1 PCN",2019-10-01
"U62975","SOUTH WORCS DROITWITCH & OMBERSLEY PCN",2019-10-01
"U62999","WEST TWICKENHAM PCN",2019-10-01
"U63047","WEST ENFIELD COLLABORATIVE PCN",2019-10-01
"U63072","ST IVES PCN",2019-10-01
"U63129","BULWELL AND TOP VALLEY PCN",2019-10-01
"U63186","CAVERSHAM PCN",2019-10-01
"U63233","EASTLEIGH SOUTHERN PARISHES PCN",2019-10-01
"U63258","DERBYSHIRE DALES PCN",2019-10-01
"U63386","THE SWAN NETWORK PCN",2021-04-01
"U63454","WYRE RURAL EXTENDED NEIGHBOURHOOD (WREN) PCN",2019-10-01
"U63540","BATLEY BIRSTALL PCN",2019-10-01
"U63565","TWNS PCN",2019-10-01
"U63770","BATH INDEPENDENTS PCN",2019-10-01
"U63843","PIER HEALTH PCN",2019-10-01
"U63844","BYTES PCN",2019-10-01
"U63948","WATERMEAD PCN",2019-10-01
"U64003","NEWPORT AND CENTRAL PCN",2019-10-01
"U64053","ISLES OF SCILLY & SOUTH KERRIER PCN",2019-10-01
"U64148","LICHFIELD PCN",2019-10-01
"U64165","TITAN PCN",2019-10-01
"U64175","CYGNET EAST RIDING PCN",2019-10-01
"U64356","EAST MK PCN",2019-10-01
"U64426","BELGRAVE & SPINNEY HILL PCN",2019-10-01
"U64436","BLACKPOOL SOUTH CENTRAL PCN",2023-04-01
"U64487","ROCHDALE NORTH PCN",2019-10-01
"U64531","TEMPLER CARE NETWORK PCN",2019-10-01
"U64597","STOCKPORT EAST AND SOUTH PCN",2019-10-01
"U64639","NORTH LIVERPOOL PCN",2020-04-01
"U64705","THE DEBEN HEALTH GROUP PCN",2019-10-01
"U64748","NORTH BOURNEMOUTH PCN",2019-10-01
"U64827","HOLDERNESS PRIMARY CARE HOME PCN",2019-10-01
"U64938","PEAK EDGE PCN",2019-10-01
"U65039","SUTTON GROUP PRACTICE PCN",2019-10-01
"U65044","THE FIVE PARKS PCN",2019-10-01
"U65095","NEWARK PCN",2019-10-01
"U65132","WALSALL NORTH PCN",2019-10-01
"U65207","PHOENIX (BNSSG) PCN",2019-10-01
"U65316","BOLTON CENTRAL PCN",2019-10-01
"U65434","STOCKWELLBEING PCN",2019-10-01
"U65471","WALTHAM FOREST INTEGRATED HEALTH PCN",2019-10-01
"U65562","HEREFORDSHIRE HEREFORD CITY HMG PCN",2019-10-01
"U65582","CHILDWALL & WAVERTREE PCN",2019-10-01
"U65853","WITHINGTON & FALLOWFIELD PCN",2019-10-01
"U65941","CAMBRIDGE CITY 4 PCN",2019-10-01
"U65968","SWB I3 PCN",2019-10-01
"U66005","SOUTH WORCS PERSHORE & UPTON PCN",2019-10-01
"U66012","YORK MEDICAL GROUP PCN",2019-10-01
"U66020","RURAL ALLIANCE PCN",2019-10-01
"U66146","BRIERLEY HILL PCN",2019-10-01
"U66218","SOUTH HAMBLETON & RYEDALE PCN",2019-10-01
"U66269","KEYNSHAM PCN",2019-10-01
"U66344","COLCHESTER MEDICAL GROUP PCN",2019-10-01
"U66368","NORTH TRAFFORD PCN",2019-10-01
"U66484","KINGSWINFORD & WORDSLEY PCN",2019-10-01
"U66596","AFFINITY (BNSSG) PCN",2019-10-01
"U66620","WALLINGTON PCN",2019-10-01
"U66688","CARLISLE PCN",2019-10-01
"U66785","TORRIDGE PCN",2019-10-01
"U66858","DEWSBURY & THORNHILL PCN",2019-10-01
"U66904","FENLAND PCN",2019-10-01
"U67032","SURREY HEATH PCN",2019-10-01
"U67045","CARE KENT PCN",2019-10-01
"U67110","NORTH BEXLEY PCN",2019-10-01
"U67133","MAIDSTONE CENTRAL PCN",2019-10-01
"U67149","ST HELENS CENTRAL PCN",2019-10-01
"U67183","NORTHERN PARISHES PCN",2019-10-01
"U67243","YORK ROAD PCN",2019-10-01
"U67303","WORKINGTON PCN",2019-10-01
"U67304","WB PCN",2019-10-01
"U67475","DASHWOOD PCN",2019-10-01
"U67590","RUTLAND HEALTH PCN",2019-10-01
"U67607","GPS HEALTHCARE PCN",2019-10-01
"U67660","OLDHAM SOUTH PCN",2019-10-01
"U67865","NORTH EAST DERBYSHIRE PCN",2019-10-01
"U68127","GRAYS PCN",2019-10-01
"U68213","NORTH KERRIER EAST PCN",2019-10-01
"U68252","SOWE VALLEY PCN",2019-10-01
"U68450","CALNE PCN",2019-10-01
"U68552","BEACON MEDICAL GROUP PCN",2019-10-01
"U68649","WATERSIDE HEALTH NETWORK PCN",2019-10-01
"U68696","EARLEY + PCN",2019-10-01
"U68943","CHESTER SOUTH PCN",2019-10-01
"U68970","TUNBRIDGE WELLS PCN",2019-10-01
"U69052","SWAN NETWORK WIGAN PCN",2019-10-01
"U69072","SOUTH STOKE WEST PCN",2019-10-01
"U69252","PARKWOOD PCN",2019-10-01
"U69393","WALKDEN & LITTLE HULTON PCN",2019-10-01
"U69551","THE VALLEYS HEALTH & SOCIAL CARE PCN",2019-10-01
"U69575","VIADUCT CARE PCN",2019-10-01
"U69625","MOSELEY, BILLESLEY & YARDLEY WOOD PCN",2019-10-01
"U69695","BURNLEY WEST PCN",2019-10-01
"U69720","COALFIELDS PCN",2019-10-01
"U69841","BLACKBURN NORTH PCN",2019-10-01
"U69865","PATHFIELDS MEDICAL GROUP PCN",2019-10-01
"U69901","ST AUSTELL HEALTHCARE PCN",2019-10-01
"U70185","HEART OF BATH PCN",2019-10-01
"U70212","HARTLEPOOL PCN",2019-10-01
"U70230","LEIGH PCN",2019-10-01
"U70326","WOLVERHAMPTON UNITY WEST PCN",2019-10-01
"U70497","DERWENTSIDE PCN",2019-10-01
"U70624","NORTH GOSFORTH PCN",2019-10-01
"U70739","THAME PCN",2019-10-01
"U70886","NORTHERN ARC PCN",2019-10-01
"U71014","BRUNEL HEALTH GROUP PCN2",2019-10-01
"U71089","HATFIELD PCN",2019-10-01
"U71206","BROCKLEBANK PCN",2019-10-01
"U71550","K2 HEALTHCARE SLEAFORD PCN",2019-10-01
"U71643","KNOWSLEY CENTRAL AND SOUTH PCN",2019-10-01
"U71716","GRANTHAM AND RURAL PCN",2019-10-01
"U71739","NEWHAM CENTRAL 1 PCN",2019-10-01
"U71777","CAMBRIDGE CITY PCN",2019-10-01
"U71839","BETTER HEALTH MCR PCN",2019-10-01
"U71897","SOUTH BUCKS PCN",2019-10-01
"U71931","SOUTH BLABY & LUTTERWORTH PCN",2019-10-01
"U72114","PORTSMOUTH SOUTH COAST PCN",2019-10-01
"U72129","AYLESBURY CENTRAL PCN",2019-10-01
"U72156","WEST BASILDON PCN",2019-10-01
"U72231","SURBITON HEALTH CENTRE PCN",2019-10-01
"U72309","SHARD END AND KITTS GREEN PCN",2019-10-01
"U72457","THE COLTE PARTNERSHIP PCN",2020-04-01
"U72604","RICKMANSWORTH & CHORLEYWOOD PCN",2019-10-01
"U72706","GREAT YARMOUTH & NORTHERN VILLAGES PCN",2019-10-01
"U72748","A31 GROUP PCN",2019-10-01
"U72812","ALFRETON RIPLEY CRICH & HEANOR PCN",2019-10-01
"U72848","DRAKE MEDICAL ALLIANCE PCN",2019-10-01
"U72999","4 DONCASTER PCN",2019-10-01
"U73005","SALUTEM PCN",2019-10-01
"U73009","CANTERBURY NORTH PCN",2019-10-01
"U73010","SWAN MEDICAL GROUP PCN",2022-04-01
"U73163","NORTH HAMMERSMITH & FULHAM PCN",2019-10-01
"U73212","MID NORFOLK PCN",2019-10-01
"U73227","SPINE PCN",2020-01-01
"U73296","TIVERTON PCN",2019-10-01
"U73458","WANDSWORTH PCN",2019-10-01
"U73478","PRESTWICH PCN",2019-10-01
"U73923","WALSALL EAST 2 PCN",2019-10-01
"U73966","HALO PCN",2019-10-01
"U74074","SOUND PCN",2019-10-01
"U74229","FLEETWOOD PCN",2019-10-01
"U74266","LMN PCN",2019-10-01
"U74544","BOSWORTH PCN",2019-10-01
"U74554","MMP CENTRAL AND NORTH PCN",2019-10-01
"U74798","CROYDON GP SUPER NETWORK PCN",2019-10-01
"U74819","CARITAS MEDICAL PCN",2019-10-01
"U75018","DONCASTER SOUTH PCN",2019-10-01
"U75079","NORTH & EAST (IW) PCN",2019-10-01
"U75268","BOSTON PCN",2019-10-01
"U75274","SHERBORNE AREA PCN",2019-10-01
"U75375","WANTAGE PCN",2019-10-01
"U75382","ALLIANCE PCN",2020-05-26
"U75449","OLDHAM EAST PCN",2019-10-01
"U75549","SOUTH PETERBOROUGH PCN",2019-10-01
"U75847","BRACKNELL AND DISTRICT PCN",2019-10-01
"U76028","BIRTLEY AND CENTRAL GATESHEAD PCN",2019-10-01
"U76032","PENWITH PCN",2019-10-01
"U76122","STRATFORD PCN",2019-10-01
"U76315","LS25/LS26 PCN",2019-10-01
"U76349","ACCLAIM NHS PCN",2023-04-01
"U76383","NORTH BRADFORD PCN",2019-10-01
"U76419","WASHWOOD HEATH PCN",2019-10-01
"U76444","EXETER WEST PCN",2019-10-01
"U76572","COCKERMOUTH & MARYPORT PCN",2019-10-01
"U76753","HASP PCN - HULL ASSOCIATION OF SIMILAR PRACTICES",2022-04-01
"U76772","CARILLON PCN",2019-10-01
"U76778","PENGE PCN",2019-10-01
"U76801","WHITEFIELD DISTRICT & COMMUNITY PCN",2019-10-01
"U76908","GILLINGHAM SOUTH PCN",2019-10-01
"U76977","HADWEN QUEDGELEY PCN",2020-05-01
"U77096","CHESTER LE STREET PCN",2019-10-01
"U77170","BRENT SOUTH KWH PCN",2019-10-01
"U77200","NORTH BUCKS PCN",2019-10-01
"U77203","NORTH WATFORD PCN",2019-10-01
"U77315","LEICESTER CENTRAL PCN",2019-10-01
"U77416","WALSALL EAST 1 PCN",2019-10-01
"U77447","FIVE ELMS PCN",2019-10-01
"U77584","DORKING PCN",2019-10-01
"U77811","NORTH MERTON PCN",2019-10-01
"U78157","BRENT WEST KWH PCN",2019-10-01
"U78164","WESTBURY & WARMINSTER PCN",2019-10-01
"U78207","CHESTERFIELD AND DRONFIELD PCN",2019-10-01
"U78272","GRAFTON MEDICAL PARTNERS PCN",2019-10-01
"U78361","BRADFORD CITY 5 PCN",2019-10-01
"U78369","ALBAN HEALTHCARE PCN",2019-10-01
"U78443","HEYWOOD PCN",2019-10-01
"U78449","MORLEY PCN",2019-10-01
"U78462","BRUNEL HEALTH GROUP PCN1",2019-10-01
"U78466","MEDWAY CENTRAL PCN",2019-10-01
"U78490","GORDANO VALLEY PCN",2019-10-01
"U78517","KENTISH TOWN SOUTH PCN",2019-10-01
"U78528","ASPIRE PCN",2024-04-01
"U78575","WANSTEAD AND WOODFORD PCN",2019-10-01
"U78604","CHRISTCHURCH PCN",2019-10-01
"U78687","DIDSBURY CHORLTON PARK & BURNAGE PCN",2019-10-01
"U78694","WYRE FOREST HEALTH PARTNERSHIP PCN",2019-10-01
"U78708","CHAPELTOWN PCN",2019-10-01
"U79003","NECHELLS, SALTLEY & ALUM ROCK PCN",2019-10-01
"U79015","WISBECH PCN",2019-10-01
"U79019","MINERVA HEALTH GROUP PCN",2019-10-01
"U79049","EAGLE BRIDGE PCN",2019-10-01
"U79121","HEALTHIER WEST WIRRAL PCN",2019-10-01
"U79163","NORTH LINCOLNSHIRE WEST PCN",2019-10-01
"U79246","SELBY TOWN PCN",2019-10-01
"U79310","THE MAST PCN",2019-10-01
"U79313","SAPA 5 PCN",2019-10-01
"U79381","QUINTON AND HARBORNE PCN",2019-10-01
"U79397","MARMOT PCN",2022-04-01
"U79408","WIDNES PCN",2019-10-01
"U79433","BIRMINGHAM EAST CENTRAL PCN",2019-10-01
"U79464","DAVENTRY PCN",2019-10-01
"U79523","DONCASTER NORTH WEST PCN",2024-04-01
"U79533","MERCIAN PCN",2019-10-01
"U79574","HONITON/OTTERY/SID VALLEY (HOSMS) PCN",2019-10-01
"U79587","SOUTH SOUTHALL PCN",2019-10-01
"U79678","TURTON PCN",2019-10-01
"U79722","SHROPSHIRE RURAL ALLIANCE PCN",2024-04-01
"U79723","BRENTWOOD PCN",2019-10-01
"U79764","RURAL ROTHER PCN",2019-10-01
"U79881","TRAFFORD WEST PCN",2019-10-01
"U79932","HATTERS HEALTH PCN",2019-10-01
"U79938","BREIGHTMET & LITTLE LEVER PCN",2019-10-01
"U80019","ENFIELD CARE NETWORK PCN",2019-10-01
"U80251","LEATHERHEAD PCN",2019-10-01
"U80264","WOKINGHAM SOUTH PCN",2019-10-01
"U80335","STEVENAGE SOUTH PCN",2019-10-01
"U80470","HAMBLETON NORTH PCN",2019-10-01
"U80502","FOLKESTONE HYTHE & RURAL PCN",2019-10-01
"U80633","HILLSBOROUGH PCN",2019-10-01
"U80679","BRAINTREE PCN",2019-10-01
"U80710","GREAT WEST ROAD PCN",2019-10-01
"U80758","POOLE CENTRAL PCN",2019-10-01
"U80779","EAST GRINSTEAD PCN",2019-10-01
"U81168","YEADON PCN",2019-10-01
"U81184","WEST CAMDEN PCN",2019-10-01
"U81217","BRETTON PARK & HAMPTON PCN",2022-04-01
"U81307","SOUTH SOMERSET EAST - RPN PCN",2019-10-01
"U81324","ACTON PCN",2019-10-01
"U81398","HITCHIN AND WHITWELL PCN",2019-10-01
"U81405","ROSSENDALE EAST PCN",2019-10-01
"U81415","UPPER CALDER VALLEY PCN",2019-10-01
"U81483","WHITBY COAST & MOORS PCN",2019-10-01
"U81818","NEWCASTLE NORTH PCN LIMITED",2019-10-01
"U81825","NORTH EASINGTON PCN",2019-10-01
"U81930","BRIDGWATER PCN",2019-10-01
"U81960","ST JOHN'S WOOD & MAIDA VALE PCN",2019-10-01
"U82047","ICKNIELD PCN",2019-10-01
"U82077","BLACKPOOL NORTH PCN",2019-10-01
"U82095","HULL MEDICAS PCN",2019-10-01
"U82305","GOSK PCN",2019-10-01
"U82404","CENTRAL MAPLE PCN",2019-10-01
"U82487","WINDSOR PCN",2019-10-01
"U82499","RETFORD AND VILLAGES PCN",2019-10-01
"U82523","SOUTH HAMS PCN",2019-10-01
"U82536","BRADFORD ON AVON & MELKSHAM PCN",2019-10-01
"U82612","MACCLESFIELD PCN",2019-10-01
"U82712","CENTRAL NORTH LEEDS PCN",2019-10-01
"U82731","WYRE INTEGRATED NETWORK LTD PCN",2019-10-01
"U82789","LEAMINGTON NORTH PCN",2019-10-01
"U83168","HARINGEY - WELBOURNE PCN",2019-10-01
"U83279","HEALTHIER OXFORD CITY NETWORK PCN",2019-10-01
"U83457","CENTRAL CAMDEN PCN",2019-10-01
"U83494","STAFFORD SOUTH PCN",2019-10-01
"U83511","HILLTON PCN",2019-10-01
"U83524","GRANTA PCN",2019-10-01
"U83604","BICESTER PCN",2019-10-01
"U83990","SALE CENTRAL PCN",2019-10-01
"U84081","CANTERBURY SOUTH PCN",2019-10-01
"U84150","HAMPTON PCN",2019-10-01
"U84175","FROME PCN",2019-10-01
"U84198","SOUTH DARTMOOR AND TOTNES PCN",2019-10-01
"U84263","STAFFORD TOWN PCN",2019-10-01
"U84277","AVON VALLEY PCN",2019-10-01
"U84294","BRIDGE VIEW PCN",2019-10-01
"U84379","NORTH HALIFAX PCN",2019-10-01
"U84454","CANVEY PCN",2019-10-01
"U84465","COLNE VALLEY PCN",2019-10-01
"U84490","WAKEFIELD NORTH PCN",2019-10-01
"U84529","REDDITCH & BROMSGROVE & DISTRICT PCN",2019-10-01
"U84537","UNITY MEDICAL GROUP PCN",2019-10-01
"U84543","SEACROFT PCN",2019-10-01
"U84550","HEALTHY HORLEY PCN",2019-10-01
"U84655","BARNET 1D PCN",2019-10-01
"U84846","HEALTHSENSE PCN",2019-10-01
"U85008","HOLGATE PCN",2019-10-01
"U85067","BISHOP AUCKLAND PCN",2019-10-01
"U85198","ASHFIELD NORTH PCN",2019-10-01
"U85257","ESTON PCN",2019-10-01
"U85348","BEXHILL PCN",2019-10-01
"U85476","MODALITY (KEIGHLEY) PCN",2019-10-01
"U85493","PRINCEWAY PCN",2019-10-01
"U85644","TROWBRIDGE PCN",2019-10-01
"U85685","SOUTH STOKE CENTRAL PCN",2019-10-01
"U85744","PRIMARY CARE NORTH CROYDON PCN",2019-10-01
"U85748","CHEETHAM HILL & CRUMPSALL PCN",2019-10-01
"U85953","PETERBOROUGH & EAST PCN",2019-10-01
"U85954","H-BLACKLEY HARPURHEY & CHARLESTOWN PCN",2019-10-01
"U85986","ONE ELLESMERE PORT PCN",2019-10-01
"U86169","NORTH TANDRIDGE PCN",2019-10-01
"U86258","SOUTH WEST PCN",2019-10-01
"U86378","ONEMK PCN",2023-09-01
"U86433","BRACCAN PCN",2021-04-01
"U86579","SWIFT PCN",2019-10-01
"U86623","CENTRAL AND NORTH GUILDFORD PCN",2019-10-01
"U86774","WATERSIDE PCN",2019-10-01
"U86881","WALSALL SOUTH 1 PCN",2019-10-01
"U86948","WF NETWORK OF INDEPENDENT PRACTICES PCN",2019-10-01
"U86966","BARKING & DAGENHAM EAST PCN",2019-10-01
"U87168","SOUTH ISLINGTON PCN",2019-10-01
"U87170","NEWCASTLE OUTER WEST PCN",2019-10-01
"U87177","ROTHER VALLEY SOUTH PCN",2019-10-01
"U87199","TOWER HAMLETS NETWORK 5 PCN",2019-10-01
"U87221","EAST HANTS PCN",2019-10-01
"U87255","SHELTON & HANLEY PCN",2019-10-01
"U87298","NORTHOLT PCN",2019-10-01
"U87332","CITY CARE ALLIANCE PCN",2019-10-01
"U87442","MID KENT PCN",2019-10-01
"U87478","LANCING AND SOMPTING PCN",2019-10-01
"U87499","G3 PCN",2022-04-01
"U87508","HODDESDON & BROXBOURNE PCN",2019-10-01
"U87524","ORPINGTON PCN",2019-10-01
"U87666","APOLLO PCN",2022-04-01
"U87755","TORQUAY PCN",2019-10-01
"U87769","AFFINITY CARE PCN",2019-10-01
"U87776","WALTHAM FOREST LEYTON COLLABORATIVE PCN",2019-10-01
"U87787","CARSHALTON PCN",2019-10-01
"U87882","LEA VALLEY HEALTH PCN",2019-10-01
"U87914","BRIXHAM AND PAIGNTON PCN",2019-10-01
"U87975","TORENTUM PCN",2020-04-01
"U87998","CHELMSFORD WEST PCN",2019-10-01
"U88126","NEW MALDEN & WORCESTER PARK PCN",2019-10-01
"U88179","FABB (FISHPONDS, AIR BALLOON & BEECHWOOD) PCN",2019-10-01
"U88190","PERSHORE PCN",2019-10-01
"U88254","CAM MEDICAL PCN",2019-10-01
"U88279","CHANDLER'S FORD PCN",2019-10-01
"U88280","RAVEN PCN",2019-10-01
"U88348","DARWEN PCN",2019-10-01
"U88368","SEDGLEY, COSELEY & GORNAL PCN",2019-10-01
"U88407","EPSOM PCN",2019-10-01
"U88414","CANNOCK VILLAGES PCN",2019-10-01
"U88623","NORTHWICH PCN",2019-10-01
"U88743","PHOENIX HEALTH PCN",2019-10-01
"U88820","CLOCKTOWER PCN",2019-10-01
"U88890","HULL SYMPHONIE PCN",2019-10-01
"U89118","SOUTH TYNESIDE SOUTH PCN",2019-10-01
"U89131","EAST ELMBRIDGE PCN",2019-10-01
"U89134","CENTRAL THISTLEMOOR & THORPE PCN",2019-10-01
"U89141","STOCKTON PCN",2019-10-01
"U89143","SOUTH COASTAL MEDICAL GROUP PCN",2019-10-01
"U89154","SPRINGFIELD PARK PCN",2019-10-01
"U89162","FOREST HEATH PCN",2019-10-01
"U89375","BRENT CENTRAL KWH PCN",2019-10-01
"U89419","MODALITY WOKINGHAM PCN",2019-10-01
"U89554","A1 NETWORK PCN",2019-10-01
"U89699","YORKSHIRE COAST & WOLDS PCN",2019-10-01
"U89762","THE HEALTH TRIANGLE PCN",2019-10-01
"U89776","THE BRIDGE PCN",2019-10-01
"U89806","SPHERE PCN",2019-10-01
"U90050","SASSE NETWORK 3 PCN",2019-10-01
"U90095","WOLSEY PCN",2023-07-01
"U90174","FARNBOROUGH PCN",2019-10-01
"U90175","WOKING WISE 3 PCN",2019-10-01
"U90236","CITY - EAST OXFORD PCN",2019-10-01
"U90309","NORTH BEDFORD PCN",2019-10-01
"U90349","SHERWOOD PCN",2019-10-01
"U90453","RICHMOND PCN",2019-10-01
"U90656","SWADLINCOTE PCN",2019-10-01
"U90673","KETTS OAK PCN",2019-10-01
"U90861","HAYLING ISLAND & EMSWORTH PCN",2019-10-01
"U90977","MENDIP VALE PCN",2021-04-01
"U91030","HEALTHIER NEIGHBOURHOODS PCN",2024-08-01
"U91110","NORTH SHIELDS PCN",2019-10-01
"U91215","NORTH NORFOLK 2 PCN",2019-10-01
"U91254","GATESHEAD CENTRAL SOUTH PCN",2019-10-01
"U91268","SOUTH WEST BIRMINGHAM PCN",2022-06-01
"U91286","LEA VALE PCN",2022-04-01
"U91385","SOUTHAMPTON NORTH PCN",2019-10-01
"U91471","INCLUSIVE HEALTH PCN",2019-10-01
"U91476","GPA1 PCN",2019-10-01
"U91762","STRATFORD CENTRAL PCN",2019-10-01
"U91790","HEART OF HARROGATE PCN",2019-10-01
"U91844","MARGATE PCN",2019-10-01
"U91913","NORTH DARTMOOR PCN",2019-10-01
"U91930","LONG LANE FIRST CARE GROUP PCN",2019-10-01
"U91937","MOORLANDS & RURAL PCN",2019-10-01
"U91979","BILLERICAY PCN",2019-10-01
"U92096","WEALD PCN",2019-10-01
"U92100","ATHENA PCN",2022-11-09
"U92125","CONCORD MENDIP PCN",2022-04-01
"U92128","NORTH KERRIER WEST PCN",2019-10-01
"U92151","CHEAM AND SOUTH SUTTON PCN",2019-10-01
"U92223","CARLISLE HEALTHCARE PCN",2019-10-01
"U92384","THE CHALFONTS PCN",2019-10-01
"U92558","WICKFORD PCN",2019-10-01
"U92562","NUNEATON & BEDWORTH PCN",2019-10-01
"U92581","ARMLEY PCN",2019-10-01
"U92600","MEON HEALTH PCN",2019-10-01
"U92720","WALTHAM FOREST 8 PCN",2019-10-01
"U92836","CROYDON LINK PCN",2019-10-01
"U92874","BARKING & DAGENHAM CENTRAL PCN",2019-10-01
"U92975","PRESTON NORTH & EAST PCN",2019-10-01
"U93045","WALTHAM FOREST WALTHAMSTOW CENTRAL PCN",2019-10-01
"U93148","CHIPPENHAM, CORSHAM & BOX PCN",2019-10-01
"U93165","NORTH SOLIHULL PCN",2021-04-01
"U93499","UNITY (GREENWICH) PCN",2019-10-01
"U93573","THE BRIDGE MK PCN",2019-10-01
"U93726","SOUTH LINCOLN PCN",2019-10-01
"U93827","NETWORK NORTH PCN",2019-10-01
"U93843","PANACEA PCN",2020-04-01
"U93998","ABOUT BETTER CARE (ABC) PCN",2019-10-01
"U94009","ST HELENS SOUTH PCN",2019-10-01
"U94037","ST HELENS NORTH PCN",2019-10-01
"U94126","VALENTINE HEALTH PCN",2024-01-01
"U94184","EAST WAVERLEY PCN",2019-10-01
"U94342","RADFORD AND MARY POTTER PCN",2019-10-01
"U94373","WYTHENSHAWE PCN",2019-10-01
"U94460","BILLINGHAM & NORTON PCN",2019-10-01
"U94664","MIDDLETON AND HUNSLET PCN",2019-10-01
"U94681","NORTH NORFOLK 1 PCN",2019-10-01
"U94747","NEWHAM NORTH WEST 2 PCN",2019-10-01
"U94879","COPELAND HAVEN PCN",2024-10-01
"U94996","HAILSHAM PCN",2019-10-01
"U95154","THE EALING NETWORK PCN",2019-10-01
"U95193","NORTH TYNESIDE NORTH WEST PCN",2019-10-01
"U95344","ALTRINCHAM HEALTHCARE ALLIANCE PCN",2019-10-01
"U95499","FOSSEWAY PCN",2019-10-01
"U95574","HUNTINGDON PCN",2019-10-01
"U95654","NORTH OXFORDSHIRE RURAL ALLIANCE (NORA) PCN",2019-10-01
"U95672","WINCHESTER CITY PCN",2019-10-01
"U95792","NORTH EAST IPSWICH PCN",2019-10-01
"U95892","SLC MEDICAL GROUP PCN",2022-04-01
"U96077","TASC PCN",2019-10-01
"U96099","HENLEY SONNET PCN",2019-10-01
"U96127","NORTH WIGAN PCN",2019-10-01
"U96198","REDDITCH & BROMSGROVE KINGFISHER PCN",2019-10-01
"U96202","WEAR VALLEY PCN",2019-10-01
"U96282","LSMP AND THE LIGHT PCN",2019-10-01
"U96386","HORSHAM COLLABORATIVE PCN",2019-10-01
"U96425","COBHAM AND OXSHOTT PCN",2024-04-01
"U96434","EAST TWICKENHAM PCN",2019-10-01
"U96568","NORTHAMPTONSHIRE RURAL PCN",2019-10-01
"U96599","HARINGEY - NORTH EAST PCN",2019-10-01
"U96653","HYNDBURN CENTRAL PCN",2019-10-01
"U96870","CENTRAL & WEST WARRINGTON PCN",2019-10-01
"U97051","HERTS FIVE PCN",2019-10-01
"U97101","NORTH LINCOLNSHIRE NORTH PCN",2020-07-01
"U97340","SOUTHAMPTON BITTERNE PCN",2019-10-01
"U97645","BLACKPOOL CENTRAL PCN",2019-10-01
"U97650","PRIME WANDSWORTH PCN",2019-10-01
"U97651","THE ARC HUB PCN",2019-10-01
"U97695","SOUTH WORCESTERSHIRE MALVERN TOWN PCN",2019-10-01
"U97785","RIVER & WOLDS EAST RIDING PCN",2019-10-01
"U97801","CHORLEY ROADS NETWORK PCN",2019-10-01
"U97855","HAWTHORN AND MERCHISTON PCN",2024-04-01
"U98004","FELTHAM AND BEDFONT PCN",2019-10-01
"U98116","CAMROSE, GILLIES & HACKWOOD PARTNERSHIP PCN",2019-10-01
"U98152","CHOC (CONGLETON & HOLMES CHAPEL) PCN",2019-10-01
"U98167","FOSS (FIRECLAY & OLD SCHOOL SURGERY) PCN",2019-10-01
"U98291","SWB TOGETHER4HEALTHCARE PCN",2019-10-01
"U98318","MOWBRAY SQUARE PCN",2019-10-01
"U98408","WEST CENTRAL MANCHESTER PCN",2019-10-01
"U98432","CREWE - GHR PCN",2019-10-01
"U98513","FIVE LANE ENDS PCN",2019-10-01
"U98530","STANFORD-LE-HOPE PCN",2019-10-01
"U98548","READING WEST PCN",2019-10-01
"U98580","HAYES WICK PCN",2019-10-01
"U98623","BRAMLEY, WORTLEY & MIDDLETON PCN",2019-10-01
"U98785","BURY ST EDMUNDS PCN",2019-10-01
"U98974","SOUTH & WEST HEREFORDSHIRE PCN",2019-10-01
"U98994","SCARBOROUGH CORE PCN",2019-10-01
"U99055","WENTWORTH 1 PCN",2019-10-01
"U99194","BIRKENHEAD PCN",2019-10-01
"U99355","STREATHAM PCN",2019-10-01
"U99438","HASTINGS & ST LEONARDS PCN",2019-10-01
"U99463","NOTTINGHAM WEST PCN",2019-10-01
"U99474","READING CENTRAL PCN",2019-10-01
"U99739","CHELMSFORD CITY HEALTH PCN",2019-10-01
"U99971","TAME VALLEY PCN",2019-10-01
